comment_id,comment_link_id,comment_parent_id,created_utc,comment_body
tazt4x,https://www.reddit.com/r/depression/comments/tazt4x/i_dont_understand_how_people_want_to_live/,,1646922239.0,"Somedays I'm not sure I want to live, others are just okay, most though are just boring and I'm left to ruminate these suicidal thoughts so I drink. First day sober in 3 weeks only because I'm broke. Lately for me its been difficult again to see purpose in life, in my life. Each day is a repeat of the last, just one long endless loop. It's not that I need something to just snap out of it, but more so I'm exhausted of living. It's a chore to do everything. I'm really lazy and depressed. I don't work or do anything that makes me contribute to this world. I have everything handed to me yet I'm still not happy. Really I'm just a waste. I hate myself so damn much because I just never amount to anything other than being useless. I know I can't see the future, but seriously I don't see myself in a successful job, or having a family, or being happy. I just have such a negative but true view on life and myself that I'm never going to be functional. How do you change someone who doesn't want change? We are born, live, then die. Life is short, long, in between. Why do I matter? No one sees me. I'm alone, no friends, relationships are a joke but I'm so lonely. Girls don't notice me. I'm ugly and fat, I sweat a lot. I'm literally a loser. I don't know, I really question staying alive. Its not getting better, if anything worse. I'm 23 and there is no way I'm doing this at 40 probably still alone and at home still if I'm even alive. I have so much more I want to say but I'm overwhelmed with it all. I just want to disappear forever."
taznuk,https://www.reddit.com/r/depression/comments/taznuk/i_dont_feel_like_my_old_self/,,1646921842.0,"I‚Äôve been diagnosed with depression since 11, I still remember being able to laugh and smile constantly without being exhausted after every task. I have no hope for myself or this world, I cannot see myself doing anything in the future. Does anyone have any advice?"
tazhlh,https://www.reddit.com/r/depression/comments/tazhlh/any_adviceexperience_to_be_there_for_a_friend/,,1646921328.0,"I‚Äôve had moderate depression all my life and thankfully I‚Äôve rarely been suicidal and no longer self harm but it‚Äôs definitely impacted my life. I‚Äôm on meds that seem to be working as I almost feel like myself again but I still struggle with lack of energy, motivation, and passion. For me the hardest part is just starting anything but I‚Äôm still managing. Last year I lost a good friend to suicide and it was totally unexpected and hit very hard. Every sunday (the day they passed) I get uncontrollably sad and miserable and cry my heart out and sometimes I get drunk but other than that I am managing life. My best friend recently opened up about their struggle (I knew they were sad sometimes but not to this extent) and they‚Äôre very much struggling with suicidal thoughts, self harm, and really depression and anxiety. They say they feel like a dead man walking and that every action feels like their last (f.e. last dinner, last movie, ect.) and that everything is just so fucking exhausting. That they don‚Äôt belong anywhere, a burden nobody knows what to with, they don‚Äôt care about anything, they nonstop make every single possible mistake they can, that no one really understands and they can‚Äôt stop crying. I‚Äôve made and brought them a little care package with food, books, a facemask, chocolate, and flowers but I don‚Äôt know what else to do. When I‚Äôm in crisis the only thing I want is just for somebody else to be there and I get that everyone is different but if they don‚Äôt want me there what can I fucking do?? I love them so incredibly much and can‚Äôt imagine my life without them and honestly I can‚Äôt lose anyone else or I‚Äôm not going to make it either. I‚Äôm just at a loss of what to do because I don‚Äôt have that much energy either and I can manage to do like a care package every now and then but I‚Äôm not fucking able to call/game/text 24/7. I‚Äôd move mountains for my friends but like I can‚Äôt hold them back for a long time. The most important thing when somebody is struggling I think is that when everybody says they care about you that they continue to back that up so it‚Äôs not just a one time ‚Äúoh they‚Äôre not so good so I‚Äôll send them a card.‚Äù Like I think a sustained effort or something is necessary but I‚Äôm not able to do that due to my own struggles. I wish I could go around and slap the sadness out of everyone but that‚Äôs not how it fucking works. Any advice for how to be there for them or what would help you the most when you‚Äôre in crisis would be appreciated. I really want to help and be there for them and I‚Äôm always ready to pick up their call but I‚Äôm not able to be on high alert 24/7 and I am struggling with my other things like classwork and even just managing my other relationships and like in a way I guess I‚Äôm okay with ruining my life if it keeps them alive but that is not the ideal situation!!! Any advice or just descriptions of what people did for you or what you wish they did would help. It fucking sucks. Everybody is so incredibly depressed and college is not worth it if it ruins your mental health and I get that it‚Äôs not just college but goddamn."
tazgwj,https://www.reddit.com/r/depression/comments/tazgwj/worst_depressive_episode_of_my_life/,,1646921267.0,"I‚Äôm just so exhausted right now. Usually I‚Äôve been able to go to class, do homework, eat enough and sometimes even exercise but it‚Äôs all gone downhill. I cant focus in class, I never do any work, and today I skipped school to sleep. I‚Äôm in my grade 12 year too and if I don‚Äôt get good marks for midterms then it can be the reason I don‚Äôt get in to my top schools. I don‚Äôt even know if I‚Äôll be able to handle university work if I‚Äôm still like this. On top of that I‚Äôve been using opioids almost every day for the past week to deal with this and I think I‚Äôm starting to get addicted. I just feel so useless and stupid"
tazfu8,https://www.reddit.com/r/depression/comments/tazfu8/to_all_people_who_suffering_from_depression/,,1646921175.0,[removed]
tazf7r,https://www.reddit.com/r/depression/comments/tazf7r/i_really_wanted_to_know/,,1646921130.0,"Do you think .. Getting sleepy and sleeping even after a good night sleep is concerning.. don't having a will to attend my classes and to study.. being unable to do workouts I used to do with ease.. whenever there is a situation I talk to people , I try to raise wierd topics , and sometimes try to make them sympathetic for me..having head aches whenever I try to study( feels like my body is repelling myself from being a good person) .. but still I wanna improve , I wanna be the person I was back then and even better than that. I'll tell you when it all started , I go to different institutions for study , so in my first one ( school) there were final terms whereas in my second inst. the course wasn't even completed . The thing was that I never really attended my school's classes as both had different study tropes and I didn't wanted the topics to mess up in my head , so when terms came I had to learn the chapters I didn't even  study for , and even had to make projects , as a result I had to leave the classes of my 2nd inst.. but now when things in my school's seems to be settled , I tried to join the classes but I am afraid of what they would make of me as I have two weeks of pending recordings for all those classes I have missed , that's when procrastination kicks in and other things I mentioned above.. even when I'm writing this , I am thinking that why I am playing the victim when everything was my fault , I didn't scheduled a thing . If I did things would have been different. I was unwilling to write this in the first place but I must write this to become better than what am I nowI hope all of you will help me"
taz603,https://www.reddit.com/r/depression/comments/taz603/how_do_you_turn_yourself_on_during_sex/,,1646920452.0,[removed]
taz0xw,https://www.reddit.com/r/depression/comments/taz0xw/i_feel_that_my_friends_are_getting_tired_of_me/,,1646920044.0,"Sometimes I don't want to share my problems and express what I'm feeling at that moment to my friends anymore. I'm done making them my personal therapist knowing that we all have our own problems to deal with. I can't really blame them for being fed up and getting tired of me for all my rants and and sentiments about my unfair and lonely life but I am very graful for their listening ears and for their existence in general. I know that having a ""shoulder to cry on"" or having ""ears ready to listen"" isn't enough and I need to really seek the help of a professional but I don't have money to avail the service and I don't want my parents to find out that I'm dealing with this unbearable sadness and anxiety. I have two siblings who are mentally challenged and I don't want them to feel that I'm being an additional burden to them, that having two isn't enough."
tayu7x,https://www.reddit.com/r/depression/comments/tayu7x/please_help_who_has_been_on_and_off/,,1646919492.0,Could really do with some options and experiences. Just restarted again and don‚Äôt know if I should just stay on it forever or use it for another six months then stop again.
tayrft,https://www.reddit.com/r/depression/comments/tayrft/my_psychotherapist_made_a_great_analogy_for/,,1646919237.0,[removed]
tayhjt,https://www.reddit.com/r/depression/comments/tayhjt/i_work_so_hard_not_to_be_depressed_but_i_still_am/,,1646918344.0,[removed]
tayg6a,https://www.reddit.com/r/depression/comments/tayg6a/when_someone_a_friend_with_depression_describes/,,1646918215.0,"just curious, I asked how a trip for them was when they visit family in the midwest and that's how she described it"
taybo3,https://www.reddit.com/r/depression/comments/taybo3/im_finding_it_hard_to_be_positive_because_i_see/,,1646917787.0,I find everything trivial so am finding it hard to force myself to have to live when i really don't want to. I dont know how i can ask my family for help as i dont feel comfortable sharing that i am actually quite depressed.
tayb6d,https://www.reddit.com/r/depression/comments/tayb6d/i_rather_be_high_functioning/,,1646917735.0,"I‚Äôm not invalidating anybodys feelings but I‚Äôd 100% rather be depressed & still be able to function in society then the latter. I let depression effect me so bad , I haven‚Äôt been to work in 2 months , I have debt now. I dropped out of school because I couldn‚Äôt study when the only thing I could focus on was the fact that I wanted to kill myself. I ruined relationships. I stopped caring about my appearance & hygiene , etc. i can‚Äôt do shit for myself. I‚Äôm a burden to everyone. I wish I could still accomplish things & be *somewhat* normal and not let depression take over completely"
tay8yt,https://www.reddit.com/r/depression/comments/tay8yt/question/,,1646917525.0,"I‚Äôve been depressed these last couple of months crying everyday etc but all of a sudden, this week, I haven‚Äôt felt sad? I haven‚Äôt felt happy, I know I still have many issues which are going to take ages to get over & usually I‚Äôd burst into tears at a single thought of my current issues but I can‚Äôt this week like ..  I can‚Äôt feel anything it‚Äôs weird like emptiness but not sad. It‚Äôs confusing. Does anyone know what this is? Thanks"
tay8ha,https://www.reddit.com/r/depression/comments/tay8ha/today_i_cleaned_my_room_after_leaving_it_like_a/,,1646917482.0,[removed]
tay1zj,https://www.reddit.com/r/depression/comments/tay1zj/no_need_of_therapy/,,1646916908.0,"Why should i take a therapy? I'm depressed cuz the world is shit. I'm depressed cuz the world is shit! What's the point in taking meds to make my brain produce done fkn dopamine? It's what it is! All the happy people i know are dumb. They don't know what's really happenin there. Most of the depressed people have good knowledge about life. Therapy feels like servicing a vehicle when it starts to not work enough. Maybe it realised it's life has no point. If a circus lion gets the knowledge about its existence, it would think to end it's life too! What's the point where there isn't any?"
tay0gp,https://www.reddit.com/r/depression/comments/tay0gp/oof/,,1646916772.0,i got rejected by a guyü•∂sheesh
taxzgi,https://www.reddit.com/r/depression/comments/taxzgi/ive_pretty_much_lost_my_shitventing_i_guess_lol/,,1646916673.0,"34 year old married man from the US. I've spent the last 15+ years working on average 55/60 hour weeks. For nearly half of that I was more or less a slave to my abusive family. I got absolutely no where. My social life began dying and I no longer talk to any of them. I somehow wound up married to my lovely wife.. But besides that I'm completely alone. I've totally isolated myself. I'm an unskilled worker. I've been in lower, middle management roles for the better part of the last decade. I am an anxious mess and I believe I have severe adhd(undiagnosed). BUT i still feel that i present myself as at least moderately intelligent. I was finally doing better, I had a decent salary position as a bakery manager.  I quit at the beginning of the year. Working through the pandemic I managed to stay healthy. Despite a staggering amount of my co- workers failing to do so. Which meant I got extra, extra work! Especially during lockdown, the grocery stores(where my bakery was) were SLAMMED. I worked about a full year of work weeks that were well above my ""required"" 50 hours. I was running two departments and down hundreds of hours of labor, all while breaking sales records. I pleaded for us to hire people, and eventually for time off. It was looking like I was going to get a solid week... WHEN another wave of quarantines hit. Long story short I pretty much had a mental breakdown and abandoned the job. That was in may of 21...Since then I worked a shift overnight at target for the holidays.. It was dockwork advertised as shelve stocking. Dockworkers in my area make 25$\~ an hour. I kept up just fine, but target was paying minimum wage and refused to let me go outside for my lunch break. So that didn't last long. More recently I did about 5 weeks at a burger king. I eventually walked out the other day. I was the ""cook"" drowning in orders. The place had been left an absolute shit show by the prior crew, whom also left 5 or minutes so early without a word.. I begged for help. A number of times. I was only there for an hour before I walked out. It felt like 12. My heart was beating out of my chest. I was so angry. My co-workers couldn't be bothered to stop talking/ get off their phones to help me. After one of them came over with some condescending bullshit, I put my headset down and walked out with a ""Fuck this"". Mind you, one of the 4 idle workers was a salaried manager. I was one of the newer employees.. As a person with a similar background - I would NEVER let someone struggle like that..&#x200B;Which brings me to now... While my wife makes decent money - I need a job. I have no clue what to do. I go from suicidal depressive moods, to productive OCD cleaning sessions. I'm losing my shit lol. The current events don't help either.. I'm just fucking tired of being taken advantage of. I'd jump into a volcano for a genuinely kind person.. But I'm so fucking tired of how shitty your average person is anymore"
taxv4z,https://www.reddit.com/r/depression/comments/taxv4z/theyre_shortstaffed_at_work_today_i_feel_like_i/,,1646916241.0,[removed]
taxqdf,https://www.reddit.com/r/depression/comments/taxqdf/i_became_so_bitter/,,1646915763.0,"The fear of failure stops me from doing anything to the point that I spend hours scrolling through TikTok, and I caught myself critiquing, complaining or straight up hating other people's content.I keep telling to myself, "" at least, they do something, you don't do anything, at all"". But I just can't. I can't bring myself to do anything, it's just such an effort. Im getting fat, I can't stand how i look. I suspect that I have a depression, but I haven't been to any doctor to have it diagnosed so it kinda feels like a weak excuse to not do anything. And I hate myself for being so weak for even writing this post, but I just had to. I feel so sick with myself. I keep promising myself, that I will change, that Im going to start working out, and writing and being more productive but I just end up doing the same. Sorry for the rant but I just needed a place to vent. So, how have YOU been?"
taxppi,https://www.reddit.com/r/depression/comments/taxppi/she_left_me_bacause_i_am_ugly/,,1646915697.0,[removed]
taxpbc,https://www.reddit.com/r/depression/comments/taxpbc/this_song_makes_me_feel_better/,,1646915658.0,[removed]
taxmnf,https://www.reddit.com/r/depression/comments/taxmnf/its_almost_6am_cant_sleep_trying_really_hard_not/,,1646915400.0,"Maybe this doesn't belong in this sub because it's very related to pregnancy and work issues but I have been feeling really badly depressed since all this started and just want to vent to a group that would more likely understand. I don't really feel I need advice or anything, this is purely for the sake of venting. A couple things real quick - I know I am at high risk for PPD and have already discussed medication with my doctor. Also (wasn't sure if clarification was needed on this one but) I have suffered depression my whole life, not just with pregnancy. And sorry this is long, I've been bottling a lot of this up for almost a week.I'm trying so hard not to stress out right now. Stress almost led to preterm birth by over a month (32 weeks + 7 days) last week, and since then I have been extremely depressed and kinda hating myself for letting my emotions put my already high-risk baby at even more risk. I got medical restrictions for work from my doctor but my store director AND manager are trying to refuse... I already plan on calling tomorrow (my first day back) and asking again if those work restrictions will be accepted. If not, I am quitting on the spot and recording the phone call so they can't try and pull one over on me when I tell the union and file for unemployment. But the idea of that phone call is stressing me out. My husband and I won't have any income and what if I can't get unemployment for whatever reason? Idk how to support my family and no one is going to hire someone who's 33, almost 34 weeks pregnant. I also got some really upsetting news yesterday that I am not able to be rehired at my old job, ever. It was kinda devastating because they have fantastic benefits, my team there loved me (the manager argued with the store director for hours about appealing this) and it's the only place I've worked where I just felt I belonged. I gave my two weeks when I left but called out on the last day (it's a very long story but I was suffering re-injury from a surgery I had recently healed from), so they had grounds for termination. That was devastating and I'm kicking myself really hard for calling out on that last day and quitting that job in the first place. I'm regretting the past so badly and if I could go back I'd slap myself for thinking I had a better opportunity at a place that had no insurance benefits that I didn't know. I ended up getting fired after a month at the new place because my morning sickness was too ""inconvenient"" for them (which I know is 100% illegal but I was too sick and stressed at the time to take action or really care). I miss the old job so much. The higher-ups there really sucked but my direct manager and the others in my department were amazing and I don't think I'll ever find kind of supportive circle in a job again. And side rant, I found out from my sister (who I consider one of my best friends) recently that my mom had been twisting both of our words and causing drama between us on purpose. My sister visited from out of state but before she got here, there was a ton of drama due to my mom twisting some words I said and that's actually what led to almost going into labor last week. Both my sister and husband told me not to go off on her and I mean... they're right that I shouldn't. I live under her roof and she is very good at manipulating her way around everything and gaslighting. I have tried and failed TONS of times throughout my life to call out the bullshit and it will never work. I feel so powerless in the situation but there is seriously nothing I can do except keep working towards moving out, which I can't do without a job. My husband has a lot of health issues and none of them qualify for disability, so it's up to me but I can't do anything.I've been really numb and shell-shocked these days by the whole situation. I'm powerless at work because I'm pregnant and the future is looking bleak and I'm starting to feel like I won't be a good enough mother for my son. I really badly want to provide for him and I feel like I'd be a great mom if I had better resources. But right now I have nothing and it feels like I'm never going to be enough for him. It's getting harder and harder to be optimistic about the situation and family I'm bringing him into. I'm going to try my best and give him everything I can, but right now I hate myself because I feel like I have nothing to give. On top of that he's stuck with a mom who's mentally ill and overall a mess. I wish I could be better for him and my husband. I wish I was good at a career path aside from art and baking, but nice-paying office work is out of the question thanks to my ADHD. And I'll be dropped from insurance a couple months after the baby is born so I can't get treatment for that long-term. Everything just sucks, I've been angry at the world and angry at myself for not doing better. I wish I could transform into a completely different person for the sake of my family but I'm just stuck being me."
tax910,https://www.reddit.com/r/depression/comments/tax910/no_need_for_help_or_advice_just_need_someone_to/,,1646913976.0,"This is post probably won't be here for too long because I'll probably delete sometime in the future but I'm gonna tell a story of what's happening in my situation right now and I think if I don't release this overflowing sh*t inside my mind, I feel like something will pop inside me, here we go with the story.Lately the time's have been tough because my mother just got diagnosed with a pretty known disease with a very low mortality rate and I don't think my mother doesn't have any much more time left. When I first heard about the news and when she got sent to the hospital I didn't know what to feel, I felt nothing. I couldn't see her for months and when I finally got to see her I thought I also wouldn't feel anything but the moment I saw her with almost balded look, I felt as something died inside me like I finally faced the reality that she doesn't have much long. I didn't shed a tear but without a second of thought, I was already hugging her but I still felt happy that I could see her again.After sometime she had to comeback to confinement I started to feel more nothing, the hobbies I used to do for hours feels so boring, the same food I ate everyday tasted so god-damned bland and every night I can't sleep properly because I don't want my mother to pass away while I'm having a goodnight's sleep.I don't know what I should do, my family is slowly going into debt and I cant do sh*t because I can't even get a job because I haven't graduated highschool yet. I just wanna be able to show her that I loved her, that I cherished her, that I was thankful for her. I still have so many things I have to tell her, so many things to spend time with my family as a whole. Now, all I can do is wait for the inevitable future to come and I can't do anything about it."
tax76t,https://www.reddit.com/r/depression/comments/tax76t/everything_is_just_so_fucked_up/,,1646913794.0,"Everything is so wrong with this world. I'm so unlucky in LITERALLY everything I do. I really don't know what to do with life, I've never had a girlfriend, I watch my friends go on dates and being so happy and here I am being fucking useless and doing nothing with life. I'm confident to say that the only reason I don't kill myself is  because I don't want my mom to suffer."
tax5w6,https://www.reddit.com/r/depression/comments/tax5w6/im_so_confused/,,1646913672.0,"I‚Äôve got massive amounts of support and yet I still feel terrible. I feel numb and don‚Äôt know what to do. I‚Äôm confused about everything. My mum sacrifices so much for me so I can get better. But I don‚Äôt feel better. It was alright for a little bit but now it‚Äôs worse. At night I‚Äôm overcome with emotion and have no clue how to deal with it. I‚Äôve looked up forums and talked to people through online chat rooms and it does nothing. I just want to let it out but I can‚Äôt. I‚Äôve been missing so much school and I can‚Äôt stand the thought of going back. It makes me sick. I don‚Äôt know what to do at this point. Typing it out here helped a little, but I just am lost on how to feel."
tax3se,https://www.reddit.com/r/depression/comments/tax3se/dealing_with_really_bad_depression/,,1646913471.0,title says it all. i'm so ready to give up :((
tax2l9,https://www.reddit.com/r/depression/comments/tax2l9/i_started_a_youtube_channel_where_i_am_going_to/,,1646913339.0,[removed]
tawxam,https://www.reddit.com/r/depression/comments/tawxam/i_wish_i_found_someone_already/,,1646912767.0,"cause believe me, if i did, at least most of my problems would be gone, and i could just be happy, i'd have someone to cuddle with, someone that actually thought i matter...that'd be amazing"
tawwls,https://www.reddit.com/r/depression/comments/tawwls/ok_hear_me_out/,,1646912694.0,"So I‚Äôm gonna start off with the fact I‚Äôm not suicidal but I wanna die. I‚Äôve reached a point where my financial struggles are starting to feel like physical pain. And honestly I want nothing more than to realize none of this was ever real. My friends are in school, are partnered up, are moved out, have kids and I seem to have left myself behind due to my chaotic past never letting me catch up. I genuinely tried to believe in the law of attraction but instead I‚Äôm just left more heartbroken than ever and in a circle filled with people who keep telling me to just keep believing and because of my belief being weak it is my fault it‚Äôs not working. But truly I don‚Äôt know what to do. They didn‚Äôt tell me life as an adult would be this lonely. Nobody told me eventually everyone stops responding or wanting to know what‚Äôs actually going on in your life and that you‚Äôre not supposed to actually tell an honest answer when people ask. Apparently life was different before COVID, I wouldn‚Äôt know. I was in an abusive relationship since high school so it didn‚Äôt change my life at all until I left him post the beginning of COVID. And I can‚Äôt help but feel, maybe I just jumped too late. I took my leap into freedom into another trap. This post is pointless. But if you read it from beginning to end thank you for being one of the only people to listen to my boo hoo post. Love and hugs to anyone who might feel the same for different reasons. Battling depression since the age of 10. I turn 22 next week."
taww0p,https://www.reddit.com/r/depression/comments/taww0p/whats_next/,,1646912632.0,"I feel my sanity slowly leaving me. It's so frustrating, Most of my friends must think I'm ridiculous,¬† overreakting, and dramatic. jesus christ, it's not that bad get over yourself.But I can'tSkipping school has become a habitI have fallen behind on my work and assignmentsI'm not good at anything in school or outside of it. ""But you can draw,"" yeah, and I've already made that my entire personality. I can't get out of my art block; I hate my art. And yet, I have nothing besides it.I can't even bring myself to consume the media that I like bc I don't have the energy to watch or read anything.I hate school; I can't bring myself to go there. My grades are falling. I can't keep up bc I keep skipping class. and I keep skipping class bc I can't keep up.I don't want to be a highschool drop outIt's not like I want to stay online all day long. I don't even have the energy to do that...i just want to stay in bed.But my body hurts; it's so sore from doing nothing. From barely moving.I hate the idea that I have to use my art for capitalism, that I have to turn my art into a means to make an end. I hate it bc I don't believe that it's possible. I'm not good with pressure. I can't survive in a competition, when I from the start believe I can't make it. I dont believe its possible bc i dont thing that anything I make has any worth. I have nothing. No aspirations, no amitions, no dreams. And barely a present"
tawn09,https://www.reddit.com/r/depression/comments/tawn09/1_good_reason_why/,,1646911640.0,[removed]
tawirk,https://www.reddit.com/r/depression/comments/tawirk/i_miss_her_too_much/,,1646911195.0,[removed]
tawfco,https://www.reddit.com/r/depression/comments/tawfco/zoloft_and_abilify_side_effects_question/,,1646910817.0,I am on Zoloft 100mg and Abilify 5mg and I can't stand up from the tiredness. How long will this side effect occur? Can I do something about this? I have zero energy and it is affecting me way too much.
tawb1q,https://www.reddit.com/r/depression/comments/tawb1q/how_did_you_start_taking_medication_or_why_didnt/,,1646910297.0,"So, my depression got back for a few months now. I‚Äôm trying to do everything I know that helps, but this time around it isn‚Äôt doing effect. I work out everyday, eat healthily, do therapy and I try very hard to change my depressed perspective about everything.But none of this is changing a thing. I feel like shit everyday. I‚Äôm consumed by anxiety for working home office. I can‚Äôt focus or summon the will to want things anymore. I‚Äôm hopeless, I just can‚Äôt see meaning to life anymore. I don‚Äôt see the point anymore. All this effort for what? To barely survive? I don‚Äôt really feel like taking my life, if I‚Äôm here even if suffering I don‚Äôt see the reason not to continue till the end, life is an one time thing. I trying one.So, I wanted to hear different perspectives about medication and what to expect. I already tried zoloft and lexapro some years ago and it didn‚Äôt help, but at the time I overcame it with therapytl;dr rant about trying to fight depression and not succeeding"
tawabx,https://www.reddit.com/r/depression/comments/tawabx/i_just_need_to_write_stuff_down/,,1646910209.0,Been severely depressed for the past few weeks now. Like not one second goes by where i dont think of a plan to kms because the feeling gives me comfort. I cant talk to any of my friends when im down because they would just shun me cuz they dont know how to deal with me and im tired of losing friends. I pretty much have no friends left. Why am i like this? I used to be so charasmatic in 2019 but since then ive been lazy. Motivationless. Tired. Im too tired to even keep working a full time job. Nothing seems worth it. Idk how people go to school and get degrees when I cant even handle my own shit. It makes me feel so worthless and stupid. It sucks cuz i am really creative and can be good at things i like. But im just too depressed to put in the effort anymore. Then theres the lonlienss. Ive never had a friend i could just hug anytime. The only time i had a girl in my life she ruined my life. Ive been used by so many people i dont even wanna talk to anyone anymore because im scared of opening up to someone and they ghost me. People have been so cruel to me and ALL IM DOING IS JUST TRYING MY BEST. its so hard to be social. And the depressions is just the kick off the edge for me. Fucking hell i want it to end. I just want to feel happy. How do you not let depression win?
taw8q6,https://www.reddit.com/r/depression/comments/taw8q6/i_dont_know_what_to_do/,,1646910030.0,"Hi, I'm a 21 years old university student, sorry if I make mistakes, it's my first post on reddit and English is not my first language. I have a history with depression, I think, I've never been diagnosed, but I've struggled a lot through high school. Now old patterns are coming back.I cannot force myself to do anything productive, I don't go to class, I cannot study, I literally spend most of my days in bed on my phone or reading.I still do normal people stuff, I go out with my friends, talk with my family, but I feel like it's all just a farce.I've been developing a lot of self destructive behaviors, I smoke a lot, I go to bed really late and wake up super early. I actually enjoy being tired, it's like a punishment I can easily enforce on myself.I feel a sense of familiarity with these feeling and I actually enjoy it, as sick as it sounds. I feel emotionless most of the time and at least hating myself makes me feel something.There is no actual reason I should feel like this, I have a great life, a nice family, friends and a lot to look forward to in my future.Please tell me what should I do, I feel like I'm jeopardizing my future and I don't know how to stop."
taw6zg,https://www.reddit.com/r/depression/comments/taw6zg/i_cant_get_the_help_i_need_and_i_feel_like_im/,,1646909850.0,"Hey, my name is David. I‚Äôve been feeling depressed for a couple of months now, and I‚Äôm at the worst low I‚Äôve ever had.I have spoken to my therapist about it but she just keeps focusing on my sleep and stuff and never really gets into anything else I tell her about. That being said, I can‚Äôt really tell her everything because if I do get a diagnosis, it could halt my process of getting HRT, because it is very strict where I live and it‚Äôs a lot harder to get it if you have a diagnosis of, for example, ADHD, autism or depression. I‚Äôm at the very end of it and I will likely get on Testosterone this year, so I really can‚Äôt risk anything. The main reason I am depressed is because of loneliness. You would probably imagine it being something to do with being trans, and although that does play a big role in it, it‚Äôs actually not the driving factor as of right now. I don‚Äôt feel like I have any real friends where I live. I have friends who live in other cities and stuff, but I am stuck here for a few more years so i can‚Äôt really connect with them as much as I‚Äôd like to. I‚Äôve told my classmates that I feel safest around that I need help, especially getting to my classes and stuff, as that‚Äôs something I struggle with, and also just to socialise. I literally asked if they could just try to talk to me sometimes, and maybe invite me to things like a movie or just to go to the mall. None of them have helped‚Ä¶This hurts especially much because last year (on my birthday) our former classmate killed himself. My whole class literally had to experience someone we cared about committing suicide. He never even asked for help, he just posted a little thing about how he was done on his Snapchat story, and the next thing we knew is that he was found dead. Yet when I reach out and ask for help and specifically tell them that I am depressed and need them, they don‚Äôt even bat an eye. I understand that it‚Äôs not my classmates job to get me to stop being depressed, but that‚Äôs not what I‚Äôm asking of them either. I‚Äôm literally asking them to do the bare minimum because I have nowhere else to go, and they don‚Äôt even try. I‚Äôm just really struggling and my attempts at getting help don‚Äôt work so I honestly don‚Äôt know what more I can do. I don‚Äôt want to lose this year and have to retake it or something, or just completely lose interest in everything I care about, but that is honestly where it‚Äôs headed right now and that thought in itself is making me feel even more helpless and lost"
taw5jb,https://www.reddit.com/r/depression/comments/taw5jb/has_your_mental_health_such_as_depression_and/,,1646909681.0,"Such as being easily irritable and made you toxic. Me personally, have had ruin a couple relationships because of those reasons and I‚Äôm trying to become better in those aspects. Just wonder if anyone can relate."
taw0za,https://www.reddit.com/r/depression/comments/taw0za/lately_its_been_getting_worse/,,1646909098.0,"i have been diagnosed w MDD, unspecified panic disorder and my psychiatrist thinks i have psychotic features for my MDD (more work is required to see if that‚Äôs the case) and it‚Äôs been getting worse. my lexapro doesn‚Äôt help, my therapist office won‚Äôt answer my calls and i can‚Äôt handle this much longer. i‚Äôm 18 years old and have an ESA but taking care of him is starting to become a chore as of late, since he‚Äôs become reactive. he deserves a life with someone who can take him on regular walks and be awake with him all day. i sleep all day and cry all night when i‚Äôm awake alone. my mother is starting to get on my case abt my dog and i was thinking maybe i should rehome him but without him i would probably kill myself. i feel so stuck and i don‚Äôt know how to ask my mom for help. i‚Äôm thinking of ending things."
tavyb0,https://www.reddit.com/r/depression/comments/tavyb0/i_know_im_depressed_when_i_stay_up_all_night_and/,,1646908774.0,"My mother and I had this stupid fight yesterday when she was trying to help me fit a mouth guard to my teeth and it devolved into a discussion about how I didn‚Äôt wear my retainer after I had braces, and now I once again hate myself for not doing all the things I should have.I apologized for my behavior later in the day, but instead of forgiving me for my overreaction during the fight, she just said something like ‚ÄúMake yourself a list of things you have to/want to do.‚ÄùShe‚Äôs tried to get me to make lists for years, but I‚Äôve never been good at following through with them.And so now I‚Äôm just laying in bed trying to not hate myself for my lack of follow through ‚Ä¶ and watching YouTube to try to cope."
tavy6p,https://www.reddit.com/r/depression/comments/tavy6p/she_was_a_very_good_introvert_friend_i_confessed/,,1646908761.0,"What should I do, because I am all heartbroken after her rude behavior when she used to say that she can never be mine and when she used to be good with all but not me. But then once I became sick and I literally was in a panic attack thinking about her. My friends let me home, I was told to not to contact her, I was sleeping for 12 hours and after that when she gets in touch she said she cried for me and asked ppl about me, days later, she told me that she realized that she can not find anyone else who can listen to her and love her as I do and she has confessed me back too, but she doesn't know that till that I was all broken and depressed, because I had lost all my friends and respect and studies because of her, now she's always worried about me and she has told everyone including her family that she loves me, I have been thru psychiatrist too and I'm under treatment because I am feeling mental health issues after her behaviors that she did, but I still tell her that I love her. My heart is broken but I also cannot leave her. My phone is taken from me most of the time so that I focus on my peace but whenever I get phone I reach her because I cannot see her go anywhere else. She also promises me to never go anywhere and wait for me to be fine. The place where we study together, I don't go there because of my critical mental health after her behaviors. What should I do? Because I cannot find any way of being in Peace. All I think of is suicide since a month. Help me please somebody."
tavw7h,https://www.reddit.com/r/depression/comments/tavw7h/is_it_possible_to_feel_effects_of_antidepressants/,,1646908519.0,I‚Äôve just been prescribed antidepressants and the doctor said it would take 1 week for me to feel any effects but the first I took them which was yesterday I felt so much better like almost high like my eyes are a little more dilated than before it was honestly astounding sure it could be placebo but I feel so light on my feet and idk I‚Äôm looking at my eyes and there‚Äôs more life to them and I feel so much different like so much more comfortable with myself and talking more and less anxiety
tavdlr,https://www.reddit.com/r/depression/comments/tavdlr/so_many_goals_and_ambitions_but_i_just_cant_bring/,,1646906296.0,"I want a promotion at work and my boss has mentioned me getting promoted but I‚Äôd like this to happen soon. I need to put in more effort instead of spending half my day just gazing at the computer doing nothing and thinking about how shitty life is (I work from home so boss can‚Äôt see me slacking).I‚Äôve just bought a house but am stressed because I have a leaky ceiling coming from the bathroom and that will cost money to repair, the heating is broken so that will cost money to repair tooI want hobbies, I want to meet groups of new people and actually make some friends after pushing them all away but I just sit inside my house and smoke weed and go to bed ridiculously early because I‚Äôm bored. What the fuck why can‚Äôt I just put in some effort there is so much I want to do. I‚Äôm so tired every single day, grandma has been diagnosed with Alzheimer‚Äôs and my grandad nearly died on an operating table last week. Prices for everything are going up. Feels like the world is imploding.What do I do?!? How do I motivate myself when everything feels so horrid?!"
tav5hb,https://www.reddit.com/r/depression/comments/tav5hb/ive_never_been_so_unhappy/,,1646905253.0,"I feel so stuck. I want to be happy so badly, I want to do so many things and be able to function like a ‚Äònormal‚Äô person but I can‚Äôt and that feeling is just the most tortuous experience. I hate myself for not even being able to do work in my easiest class and my complete inability to fully get through a week of school. And it makes it even worse because I can‚Äôt even pinpoint a reason I started spiraling down like this, so I feel like there is just no reason I should be like this. Yes, I get that these are the thoughts that happen during depression but I still can‚Äôt help myself in feeling so useless and like a failure when my teachers talk to me and I‚Äôm around people my age. It‚Äôs really petty, but I honestly felt really backstabbed by my government teacher today. I emailed a few of my teachers a few weeks ago explaining how I was depressed and that was the reason I wasn‚Äôt turning in work. I didn‚Äôt expect them to just give me A‚Äôs but I was just hoping for SOME pity and them working with me through this. My gov teacher gave me a very nice response initially, saying something along the lines of: ‚ÄúI totally get it, I‚Äôve had personal experience because my son went through the same thing and just take all the time you need, I‚Äôm here for you.‚Äù and I was stoked cause I thought that was like one less class I didn‚Äôt have to stress about. I‚Äôm honestly still very behind in that class, but I‚Äôve been chipping away at it the best that I can. Today, we were supposed to take a quiz, and of course, I didn‚Äôt take it because I just assumed that she would know I wouldn‚Äôt be able to take it‚Ä¶ because I‚Äôm like 3 weeks behind and depressed out of my mind. But, of course, when we were going to lunch, she stopped me and started saying how I wasn‚Äôt communicating enough and that the ‚Äòother students‚Äô told her that they weren‚Äôt gonna take the quiz today and she didn‚Äôt understand why I didn‚Äôt do it. She basically shamed me for 5 minutes about all the work I haven‚Äôt done while there were still other kids in the room. Look, I get that I should‚Äôve sent an email or something but I was too busy just trying to stay alive so I would appreciate it if you didn‚Äôt shame me man. It was just so frustrating because I thought out of all the teachers, she would understand because she‚Äôs seen it before, but there she was, making me feel very very shitty. I just don‚Äôt enjoy living anymore. I want to be all these things, but I can‚Äôt do it. I‚Äôve tried all the things they recommend: going outside, exercising, therapy, reading. But the truth is, I‚Äôve been on and off depressed for 8 years and it just feels like there‚Äôs no cure for me.  I'm just so tired"
tav3w1,https://www.reddit.com/r/depression/comments/tav3w1/my_father_figure_died_in_2020_my_parrot_died_the/,,1646905049.0,"I just can't take it anymore. The meds make it more bearable, but I'm going insane. I can't sleep and when I do I have nightmares that make me wake up in tears. I want to end it"
tav2n2,https://www.reddit.com/r/depression/comments/tav2n2/how_to_stop_coping_and_start_feeling_like_its_real/,,1646904875.0,"I've had major depression disorder since 10 years old and now I'm 22. I realistically have a really good life, and a lot of good things going for me. My disorder is suffocating me, it makes me feel like I'm lying to myself. When I sit there and try to remember that I have value in myself  that the people around me also care about me. it feel like a fraud. I can't get myself to believe the words I proudly proclaim.I know this depressive spell is triggered by : I quit my first job in my dream career, a daycare teacher. I feel so sad I don't even get to say goodbye to my students properly. I know I will be able to get another job easy, but I'm sad about my students. I had to quit that day because turning to work under my boss made me want to have a panic attack because I was terrified she was going to scold me. Because she had in the past. I mean I got tested for covid and ah didn't even ask if I had tested positive or if I was okay When do the failures stop weighing more than all the good I work for? Sometimes I just want to lay in bed all day, and nothing. I don't want to clean my house, I don't want to go to work, I want to just stop existing. What's the point of doing all this hard work for the good when I'm just so depressed. I love a lot of things in my life but I still feel sinking a lot of the times too"
tav0f0,https://www.reddit.com/r/depression/comments/tav0f0/i_have_nobody_to_talk_to/,,1646904587.0,"I don‚Äôt want to be here anymore. I would reach out to the people around me, but my friends would disown me. My brother won‚Äôt pick up the phone. He thinks I‚Äôm going insane. Maybe I am. I‚Äôm a literal bloody mess, still can‚Äôt cry, can‚Äôt feel anything. Nobody‚Äôs there for me when I need them but I‚Äôm always there for them. I hate my life."
tauyeb,https://www.reddit.com/r/depression/comments/tauyeb/i_feel_overwhelmed_with_everything_and_that_i/,,1646904324.0,"I feel like keep f*cking up everything, and that I‚Äôm causing all the problems I have. Today I feel like a horrible person because how I made my gf feel. Basically it seems like I haven‚Äôt cared enough to see her or to see her family. To be honest the truth is that I‚Äôm embarrassed and ashamed of myself. I‚Äôm worried that when I see her family they look down on me. I don‚Äôt have a drivers license because of personal issues and it‚Äôs embarrassing to ask my parents and Uber is too much. I miss my gf every single day and I would do anything to be by her side. But she doesn‚Äôt think I feel like that. I‚Äôm trying so fucking hard in school so that I can get a good job and get an apartment for both of us. My gf has been very patient but I feel like she‚Äôs run out of it. I believe I have ptsd because every time I get into a situation like this I start to panic and completely shut down. When I was 17 all of my friends turn there back on me and I was basically an outcast for breaking up with a girl. I just got out of an abusive relationship at the time so this just kicked me down to the dirt. Every time I have a bad argument with my gf I start to panic because I don‚Äôt want to go through that again. Me and my gf have had our problems and mistakes, but she is the best thing that has happened to me in my life. I don‚Äôt want to fuck this up. Sorry just needed to vent"
tauyan,https://www.reddit.com/r/depression/comments/tauyan/feeling_very_depressed_lately_i_dont_see_it/,,1646904312.0,Does anyone know how to break out of the continual self doubt and self sabotage slump?
taux4v,https://www.reddit.com/r/depression/comments/taux4v/lost_faith_in_humanity_and_my_predictions_for_the/,,1646904155.0,[removed]
tauwdh,https://www.reddit.com/r/depression/comments/tauwdh/unwavering_insomnia/,,1646904058.0,My body and mind is exhausted. I am exhausted. I cant get out of bed but I can't sleep. All I want to do is sleep. I feel like my grip on reality is slowly loosening. Im so fucking tired. I don't know how much longer I'm going to be here.
tauvmz,https://www.reddit.com/r/depression/comments/tauvmz/post_covid_mental_health_breakdown/,,1646903967.0,"This is my first post on reddit as I joined today only to vent out and seek help. May be just for a listening ear, not any practical help. I'm an Indian student living with my parents. My mother on hearing the news of covid out breaks stopped all possible human interactions even ours. Since 2020 March, our family hasn't gone out, buy groceries, talked to other humans. Now after 2 years every other home here is back to normal, cases have reduced a lot. I have gone to my college just to write my exams and that's it. After coming from college after giving my exams I am put on quarantine for a month. I've been giving offline exams for past 2 years and after every exam sessions I have to lock myself up in a room.. For 2 years it has been prison.. I endured all this without questioning my parents when nobody I knew even did 5 % of this all this while , and after having a messed up 2 years I asked my parents why do they continue strict protocols when the cases are just too low and have got 3 vaccines, they keep insulting me as if I am an entitled brat. They ask me why do I need to go out, have a normal life I used to have when poor people can't get a day's food. It was such a ridiculous way of ignoring my mental health. My mom behaves like a hypochondriac, putting every other thing coming from outside in soap, sanitizing phones, door handles, locking the gate so that nobody ever walks in the yard. When offline classes happen she just ask me to stay in hostels and leave home. My sister hasn't seen school for the past 2 years when all her classmates attended school for the past 1 year. She has developed social anxiety and depression. We both are trying our best to convince them that we should move on but all in vain. She is planning to stop this locking up thing only after a year when she expects that the virus would be wiped out. I know she is doing this coz she care and that is why I did everything as she said even after being a laughing stock in college. But continuing this when covid counts are so low doesn't make any sense. My mom is being  irrational and the amount of fear she has is scary. It's just not me whose mental health is in pieces. Both my parents and my sister are suffering too. How will I survive this coz as of now I have hit too low. Who is actually right here? Am I wrong to even dream to live a life  I had again?Please forgive if there is any grammatical errors, I am not a native speaker."
tautrh,https://www.reddit.com/r/depression/comments/tautrh/with_all_thats_happening_in_the_world_nothing/,,1646903717.0,"I'm horrible at my job. I am slow and disorganized, with little motivation. In the rare times when I can muster up any will to put in some effort, I almost immediately get shut down by my own mistakes. I believe I'm not fit for this job or this world. I'm too weak and nice.The world is changing, bad times ahead, nothing matters. I don't care."
taurlz,https://www.reddit.com/r/depression/comments/taurlz/first_therapy_session/,,1646903436.0,"hey, i suffer from depression, anxiety and suicidal thoughts and i got my first therapy session next week but I‚Äôm thinking about canceling the appointment. I‚Äôve had one short phone call with the therapist and she didn‚Äôt seem like the kind of person I‚Äôd tell all my secrets to let alone that I‚Äôm not even convinced I‚Äôd ever tell anyone (no matter how nice or qualified they are) everything about me. I‚Äôm also not into taking antidepressants because of the whole side effects to them and i don‚Äôt wanna have more negatives than positives, so i wanted to ask the ones of you who are on medication, what was your experience with it?Thank you"
tauqqr,https://www.reddit.com/r/depression/comments/tauqqr/i_am_always_unhappy/,,1646903319.0,"I can't make good decisions. In every situation, I feel like a fish out of water. My brain just shuts off and I see everyone taking advantage of me. My boss just keeps on giving me extra work. I can't say no to him ,thinking it will upset him and will cause problems for me in the future. My love life is a mess. My gf enforcing conditions on me if I want to merry her. My family members want me to be a responsible adult but i am not prepared for it at all. When ever i show weakness or speak my mind people get agitated or hurt.  I can't even convey my thoughts to them properly.  I want to die really. There is nothing for me in this world. I hate everything about life. I feel stupid and insecure everytime. Why am I like this? I hate myself."
tauqn8,https://www.reddit.com/r/depression/comments/tauqn8/i_am_always_unhappy/,,1646903306.0,"I can't make good decisions. In every situation, I feel like a fish out of water. My brain just shuts off and I see everyone taking advantage of me. My boss just keeps on giving me extra work. I can't say no to him ,thinking it will upset him and will cause problems for me in the future. My love life is a mess. My gf enforcing conditions on me if I want to merry her. My family members want me to be a responsible adult but i am not prepared for it at all. When ever i show weakness or speak my mind people get agitated or hurt.  I can't even convey my thoughts to them properly.  I want to die really. There is nothing for me in this world. I hate everything about life. I feel stupid and insecure everytime. Why am I like this? I hate myself."
taupbu,https://www.reddit.com/r/depression/comments/taupbu/when_life_freezes_but_not_the_world/,,1646903153.0,"My curser is blinking for the last 15 minutes. Like judging me for using backspace more than any other keys of the keyboard. I am like that diner in a coffee shop corner, who is seeing everybody else living their normally, while I sit there without the ability to feel or move.  I want to feel emotions, all of them, like you, watch firecrackers on new years night. But all of them have vanished. I can't even cry. Like all the tears are stuck behind a farm doorYesterday I could not get up from my bed. The only energy that I was able to gather, I had food and a shower with that. Today, it is better than yesterday you can say. Been able to come and sit behind my work computer. Then?Whom should I share this with? Who will be capable of just listening and telling me everything will be alright!For almost a year I am on anti-depresseants. And it started feeling much better after the initial few months. But again this year the depression relapsed. I want to hold on to something. Like someone hanging from a moutain cliff, holding the last twig with all of their strength. But I have nothing like that now. Not a twig and no strength left. Not my confidence. Nothing. I wish. I just wish I see a tiny light by the end of this tunnel."
tauk6w,https://www.reddit.com/r/depression/comments/tauk6w/backed_into_a_corner/,,1646902520.0,"I (17F) feel completely stuck. I‚Äôve been depressed for years but I have never been this bad. I recently started Zoloft and it hasn‚Äôt worked yet. I can‚Äôt go to school anymore because I get so anxious I feel sick. I‚Äôm stuck in this like catch 22 of being anxious about feeling sick which makes me feel sick and then feeling sick makes me more anxious and so on. I don‚Äôt even know why I‚Äôm making this post I just feel hopeless and need to express it somewhere and all I can think about is suicide. A few months ago I used to say that I would always put school before my mental health, I thought it was that easy, but things have changed and I can‚Äôt believe I was so ignorant. I hope my Zoloft works soon because I really can‚Äôt take this anymore and I‚Äôm basically trying to take one day at a time"
taujf9,https://www.reddit.com/r/depression/comments/taujf9/sometimes_i_wish_i_didnt_exist_i_wish_i_were/,,1646902427.0,[removed]
tauig9,https://www.reddit.com/r/depression/comments/tauig9/questions_for_a_newb/,,1646902303.0,[deleted]
tauepg,https://www.reddit.com/r/depression/comments/tauepg/i_dont_think_im_doing_good_mentally/,,1646901822.0,[deleted]
tau9lu,https://www.reddit.com/r/depression/comments/tau9lu/night_time_dark_thoughts/,,1646901170.0,"I realized that I have pretty much given up on life, it may sound silly but the only reason I am alive is because I can't think of a way to unalive. All of the methods are have too much of a chance of not working, I live in US can't buy a gun because am not 'murican.My mental health keeps getting worse, I reach a new low everyday. I feel so trapped. I would give anything to stop feeling like this, but I don't know where to start and I don't have anyone."
tau9b4,https://www.reddit.com/r/depression/comments/tau9b4/i_feel_so_empty_and_alone/,,1646901126.0,Basically there‚Äôs only one person who helps that feeling I have. She‚Äôs not answering now and my anxiety and overthinking is just getting worse and worse. Please someone reach out in my dms.
tau6by,https://www.reddit.com/r/depression/comments/tau6by/i_need_someone_to_talk_to/,,1646900734.0,I really don't have anyone to talk to I'm to scared to talk to any of my family my so called best friend didn't even try to defend me in a fight and every year a friend says they hate me and find me annoying so I don't talk to my friends about this so they don't pull back the only people I have to talk to is people online
tau4ef,https://www.reddit.com/r/depression/comments/tau4ef/best_friend_committed_suicide/,,1646900489.0,[removed]
tau40t,https://www.reddit.com/r/depression/comments/tau40t/i_cant_do_this_anymore_so_much_emotional_pain_i/,,1646900441.0,[deleted]
taty8v,https://www.reddit.com/r/depression/comments/taty8v/im_afraid_one_day_i_will_have_courage_to_end_it/,,1646899741.0,things keep getting worse
tatvlx,https://www.reddit.com/r/depression/comments/tatvlx/i_cant_do_this_anymore/,,1646899421.0,"I just cant. I sit in my room, go to work, then when I get home, I just do the same shit. I feel like I‚Äôm pissing my life, I try to socialize, but nobody reaches out or responds to my texts. Im reaching my breaking point. My life is spiraling, and people always tell me its ‚Äúin my control‚Äù, but the current world situation tells me otherwise. I don‚Äôt know, maybe I should just disappear. Im done. I cant deal with these circumstances."
tatu5c,https://www.reddit.com/r/depression/comments/tatu5c/i_thought_i_was_doing_better/,,1646899249.0,"I want to disappear. I'm tired of living the same dreadful life. I'm bored all the time, I'm sad. I'm angry but I'm never happy. Not truly and I haven't been in such a long time. I keep trying to take social breaks because I do seem to do better when I'm not constantly checking my phone to see if anyone's checked up on me or thought about me. I absolutely hate Instagram but now I'm not sure if I'm isolating myself or trying to get better? I thought it was both but I'm starting to realize more and more that I just don't want anyone to fucking hurt me first. I'm tired of people leaving me or making me feel like shit or allowing myself to *let* others hurt me or abandon me. All I (F22) do is work, sleep, drink, smoke. I hate being at home but I don't feel motivated enough to leave. I love my friends but I just feel like I can't be myself around them anymore and I feel like they all fucking hate me. Shit, I fucking hate me. People always think I'm dumb. When I was younger, I was one of the smartest kids at school although I did live in a small town in Texas so there's that I guess. But I am smart, I used to love school. I love learning and math was my favorite subject. I wanted to get into Princeton on a math scholarship then switch majors and take psychology. But stuff at home was just getting worse. My mom and I were always arguing, my mental health was declining more and more. It feels like nothing has gotten better."
tatktl,https://www.reddit.com/r/depression/comments/tatktl/tough_day_but_trying_to_push_through/,,1646898186.0,"My anxiety levels are through the roof today. impending war , rocketing fuel prices and inflation bound .  All these thoughts are making me crazy but trying to push though it .  Trying to study because I need to improve my financial situation and get out of my country .  I just need to get through this day ..."
tatju2,https://www.reddit.com/r/depression/comments/tatju2/i_dont_think_im_doing_that_well_with_my_mental/,,1646898070.0,[deleted]
tatj0a,https://www.reddit.com/r/depression/comments/tatj0a/its_430am_and_i_cant_sleep_just_realized_how/,,1646897980.0,"I was reading about a public figure, and ended up seeing this article from 2014 where she was described as a 20 year old. I thought for a moment ‚ÄúWow, to think that she‚Äôs only two years away from 30 now.‚Äù Then I realized that we are almost the same age as I turned 26 at the end of last year. I started to cry and now I can‚Äôt sleep. I know everyone says life is short, but I didn‚Äôt realized it could be short. I didn‚Äôt felt the last 5 years passing, what I think happened two years ago is from 5 years ago. Doesn‚Äôt help I have up on life and did nothing all these years, just hid at home, going to bed late and waking up at noon. Since last year I managed to get even worst, and these days I‚Äôm almost always finally sleeping at 5 or 6am, after hours of watching mind numbing videos. If I don‚Äôt I just lie in bed with my thoughts and can‚Äôt sleep anyway.Now my youth is gone, and the problem is not just turning 30, it‚Äôs that it doesn‚Äôt stop. I‚Äôll blink and I‚Äôll be 30, another blink and I‚Äôm 40. I just want to go back so badly, I‚Äôve been dealing with these feelings for over 10 years so its not like I was happy back then, but I would do anything to go back. At least everyone that mattered to me was alive, I still had hair and looked young and fresh. Now I am ugly, I look and feel so old. Yet mentally I am the same 15 year old waiting for my life to start, only now I no longer have any hope.I can‚Äôt take it anymore, can this stop please? I don‚Äôt want to do this anymore, it‚Äôs not fair."
tathet,https://www.reddit.com/r/depression/comments/tathet/why_should_one_have_a_balanced_mind_in_success/,,1646897797.0,[removed]
tatgum,https://www.reddit.com/r/depression/comments/tatgum/i_swear_to_fucking_lord_i_cant_take_this_shit/,,1646897732.0,"Everything I do is a wrong choice every move I make makes everything worse, I‚Äôm so attached to her but she has a bf and she doesn‚Äôt realize what a piece of trash he is, I even tried to tell her he‚Äôs human trash and that a dude she‚Äôs known for less than two weeks shouldn‚Äôt talk to her more than a boyfriend she‚Äôs known for 200 days. I keep relapsing I wish this shit was easier and I wish I never met her then I wouldn‚Äôt be so jealous"
tatglg,https://www.reddit.com/r/depression/comments/tatglg/what_step_is_the_most_important_in_the/,,1646897704.0,[removed]
tatg73,https://www.reddit.com/r/depression/comments/tatg73/am_i_bad_for_not_being_supportive_to_suicidal/,,1646897656.0,"It‚Äôs difficult for me to help. I know I appear selfish, but what brought me into my worst depression and almost taking my life, was helping a suicidal friend. It felt like I constantly had their life in my hands. It felt like I was constantly walking on eggshells. I dealt with that feeling for almost a year and I‚Äôm still working over it.Recently, someone else has come into my life. We started off great having an easy-flow conversation, but it feels like because we became a little close, they‚Äôre trying to do the same thing. He told me, ‚Äújust letting me know‚Äù, out of nowhere too, that he was going to kill himself. And about an hour ago, we were having an emotional conversation about my mental health and he was supportive &amp; understanding too. When I was justifying something, he said he wasn‚Äôt enough? (Didn‚Äôt relate at all) then left me on read for half an hour, came back and told me he was going to do it. I just don‚Äôt know how to help him, and the way he approaches the topic makes me nervous. It just feels like I have no idea where he‚Äôs coming from, and I‚Äôm healing from a friendship that went downhill for this exact reason, and because of that I just won‚Äôt ever say the right thing at all.I feel like I lack simple empathy. I can talk about my problems forever and ever, but I can never help someone through theirs. I spend so much thinking of ‚Äúwhat‚Äôs right‚Äù that words never come out, and when they do it just sounds like unsolicited advice. I just wanna be a good friend."
tatef5,https://www.reddit.com/r/depression/comments/tatef5/whats_the_point/,,1646897458.0,"I just want to jump off a building. End my misery. Please.I dont feel close to my gf at all. Even we‚Äôve been tgt for over a year now. Dont feel like shes someone i could lean on. Shes not the other half i‚Äôm looking for becuase we just want differnet things in life, and we are just often not in sync. She cant give me the comfort and understanding that I desperately need from another person.Then again. Its hard for me to be close with someone else. I moved to a new country for my career recently. Feels completely alone here. This covid bullshit doesnt help either.Will i ever again find someone on the same wave length as me? Feels like I‚Äôm doomed to be alone. Even when im with someone. I feel alone. Why do i post this? I just want maybe. Someone in the crowd, maybe sees this post. And they can understand me. Understand how alone i feel."
tatc9a,https://www.reddit.com/r/depression/comments/tatc9a/what_music_do_you_listen_to_when_youre_depressed/,,1646897205.0,[removed]
tat25l,https://www.reddit.com/r/depression/comments/tat25l/how_do_you_tell_people_that_youre_depressed/,,1646896065.0,"I‚Äôm really needing some time to myself and trying to keep relationships in tact.  I don‚Äôt mind talking about it with close friends and family, but what‚Äôs the best way to express it to my work and acquaintances?  I know it‚Äôs none of their business but I have to say something where I don‚Äôt come off as rude."
tat1g0,https://www.reddit.com/r/depression/comments/tat1g0/how_am_i_supposed_to_live_like_this/,,1646895979.0,[deleted]
tat015,https://www.reddit.com/r/depression/comments/tat015/self_diagnosis_of_depression_is_the_worst/,,1646895819.0,For past 3 years I was suffering from depressive behavior and thought that I had depression but recently I consulted a doctor and after some tests he said that I don't have depression I was just lacking b12 Long time deficiency of b 12 can develop depressive behavior
tasyjg,https://www.reddit.com/r/depression/comments/tasyjg/need_advice/,,1646895656.0,I‚Äôm stressed out of my mind right now. I can‚Äôt bring myself to do the work that needs to be done. My grades are plummeting to a near unsalvageable point (straight A student in the past.) I‚Äôm barely going outside anyone. I just need some advice on how to push forward in these times.
tasxy1,https://www.reddit.com/r/depression/comments/tasxy1/its_getting_tough_again/,,1646895609.0,"i‚Äôve never had a diagnosis, im not even gonna lie. but i swear that i suffer from depression. i just don‚Äôt want to come to terms with that and actually go to doctors. anyways!! like i said, im beginning to struggle again. the one thing i had as an escape from reality was volleyball. but now this illness is creeping into it and affecting my performance which really sucks. i feel so annoying around people but i can‚Äôt stop myself from acting this way and i don‚Äôt regret it until i‚Äôm alone in my room late at night (right now!!) which makes me feel worse about myself and not able to see any good. i‚Äôm losing friends, well idk, i‚Äôm not losing them but all of my bonds are starting to fall apart. which really sucks. i‚Äôm beginning to lose myself and i don‚Äôt know how much longer i can hold on tbh"
tasxi4,https://www.reddit.com/r/depression/comments/tasxi4/i_am_so_fucking_exhausted/,,1646895563.0,"Originally I posted this on r/OffMyChest, but I figured it was more relevant here, especially to gain helpful advice.I am so exhausted. Of life. Living itself. Every day is dreadful. I feel like I've been taking losses nonstop for the past 2 years (more like 6, but especially the last 2). Let me explain.Let's go back to high school (first year, or grade 9 in Ontario, Canada, 2016). I was a pretty cheerful guy. Did well in my courses. I worked diligently to get work done and study before tests. By the end of the first year, I had started to realize, that although work was getting done, I was forcing myself to do it even when I felt awful. I started to wonder if I was depressed.Second year (grade 10) comes around. Again, I do well in my courses. On top of the material for the most part, studying before tests, 90+ average for the most part. But I started searching for depression symptoms this year, and I began to realize that a lot of the things I had been feeling (hopelessness, nihilistic thoughts, suicidal thoughts here and there, and worthlessness). Nonetheless, I took pride in academics.Now, third year (grade 11). Pretty much a repeat of grade 10, but with higher intensity of negative thoughts/feelings. I start to realize that I truly may be depressed, but I have yet to seek help. I had readjusted my sleep schedule so I could avoid the fighting going on in my house, so I could wake up rested, unaffected (to some degree) from the drama, so I would be able to do my work in peace. This would pretty much consist of me coming home at 4PM and going straight to sleep until around 7-9PM, shower+eat, and working for 6-7 hours straight until around 3-4AM, then I would go to sleep, wake up at 6AM to go to school, and repeat it all again. 7PM would be around the time my aunt would come back from work, and since she started the fights 90% of the time, this sleep pattern helped me avoid listening to it. In hindsight, it was fucked up, but it was effective. Keep in mind, there was at least one or two fights weekly in my house from as long as I can remember (maybe about 4 years old). I still took pride in doing well academically; I remember getting my first 50 on a physics test and I was crushed, and from that point on I never saw a 50 again for the rest of the year.Final year (grade 12). I am happy it's going to be my last year. However, I start to feel a drop in performance. I am struggling a little to keep up with work, but nonetheless it gets done. I feel what I think they call senioritis, which I guess could be described as an increase of apathy regarding academics. The depressive symptoms are still there, but nonetheless I push through. I was not using the sleeping pattern mentioned above, which perhaps contributed to the academic struggle a little bit. From what I remember the fights were not as frequent. During the second semester of this year is when COVID-19 hit Ontario and lockdown was implemented. They told us we would not be returning to class after March Break. So, about a week or so after March break, online classes are implemented, but the school board told us we would not be seeing a decrease in grades even if assignments were not done/handed in late; the mid-semester report mark would be maintained, or only changed if our grade went up by handing in the assignments/tests. So, during the first and second weeks of online school, I had a really awful (what I would describe) as a depressive episode. I had done absolutely nothing except jack off and eat garbage the whole 1-2 weeks. None of my assignments were done. I was only focusing on one out of the 3 courses I was taking (I had a spare period at the time). This is the first time in my life that school had felt manageable, and like I didn't want to die that much. I was genuinely happy. Anyways I got into my top university pick (U Of T) and I am ready to get back to the grind...NO THE FUCK I'M NOT. Something about the first year man... The online classes/tutorials/practicals just led me to not want to try. Maybe it was the lack of social interaction; by nature, I am an introvert, but to me it takes much more effort to speak to people online than in person, because when you are in person, they people are right beside or in front of you, you need to work with these people when doing experiments, for example. All the grades were jumbled up on the website we use (canvas). What I mean by this is that the reported grades you see on the grades section might mean absolutely nothing if you read the syllabus. I don't know exactly how to describe it. To add to this mess, the first midterm I did resulted in me getting a 50% on it. I had never seen a 50 in a long time, especially not for an exam. From that point on it's pretty much been a downward spiral... I don't take pride in doing well academically anymore. If I see a 50 or a fail on a midterm, a final, even in a course, I think ""oh well, next time, or I'll retake it or something"". These numbers don't faze me anymore, I am unbothered by them. I think this is the coping mechanism I've developed; and because I've never experienced this level of failure before, I don't know how (or don't have the will for that matter) to fight for what I want anymore. The first thought is ""oh well, I had it coming"", then I beat myself up for not trying harder and being disciplined, but then next time comes around, and the same results appear.  I don't have mountains of money to keep this up. My mom has savings for my education (single-parent, only child here), and I work part-time, but that doesn't mean all is well. By the way, not to mention part-time work... I got a job at the local Dollar Store during the second semester of my first year; by far the most draining experience of my life. Because it was still the semi-lockdown era, the store needed people running around between cash, monitoring  the store capacity of customers, and merchandising. I was working anywhere between 15-25 hours a week, and by the time I got home I was ready to sleep, I had nothing left in me to do schoolwork. Because it was my first job, I wanted to come in for my scheduled hours as much as possible, and say yes when getting called in as much as possible, in order to keep it for at least a year or so. Anyways aside from that, I've lost the drive to do schoolwork. I've concluded that my life is meaningless so long as I stay a university student and work a ""normal"" job. If I had to be honest, my ultimate goal would be to become a successful content creator, preferably on YouTube. I've looked up to so many people on there as father figures; it seems only natural to want to provide that to the next generation of single-parent children. But, the fact of the matter is that although this type of work may provide fulfillment while allowing me to have a career, it does not produce stability whatsoever. For someone who wants to have a family, I don't think it would be a good idea to pursue this career full-time; it is not realistic, and if you ask me, requires some element of luck. However, I am failing at the so-called ""stable"" choice already, so what the fuck is the point in anything? Nothing seems worth it anymore! I just want to be at peace! But all this bullshit keeps eating away at me. I now have essentially no more will to keep going. I am not alive, I simply exist, waiting for death to put me at ease, since I don't have the nerve to do it myself. Nowadays (now in second semester, second year), I only have 1 shift a week, and believe it or not my course load is manageable, I just have no drive or will left to get it done. My friends have been telling me that I am experiencing burnout (I hesitated coming to this conclusion since I don't do much at all, but they explained that it might be from years of hard work in high school). They say I should take a year off to figure myself out, but my family would definitely not be happy about this, and furthermore I am worried that I will fall into a hole so deep of simply having no goals left and just working dead-end jobs until I die, to the point that I may never return to University. It all seems so pointless, like it doesn't matter, because in the end I'll probably end up unhappy, full of regret, and depressed anyway. I'm not sure what to do. Believe me, I've tried sucking it up, it doesn't work. The days I do get productive, my heart races all day with extreme anxiety, and by the time I get some work done, I have a mental breakdown and fall back into this depressed, unproductive, undisciplined state. I'm not sure where to go from here. I have seeked help from a therapist via my university's mental health service, but that's not happening for about 2 weeks. Given that I have a storm of work coming in the next 2 weeks, the therapist will have nothing to help me with until after everything is over, and I feel.like many of the things I have to do will either be done poorly or submitted late. If anyone has any suggestions about what I should do, it would be greatly appreciated."
tasx9f,https://www.reddit.com/r/depression/comments/tasx9f/mad/,,1646895536.0,It's just torture. I don't see the point. I have lost all will and interest so how am I supposed to change things around? I'm expected to believe a pill will change my perception of reality? Nice magic solution.
taswf2,https://www.reddit.com/r/depression/comments/taswf2/im_a_brain_tumor_survivor_but_i_wish_it_killed_me/,,1646895439.0,"I admit it - I'm depressed. I'm at the mercy of three illnesses - retinitis pigmentosa (overtime causes a decrease in vision), bipolar disorder, and I'm hard of hearing.I spent my whole life learning to live differently. Right now, all I have is night blindness and it makes life difficult. Imagine never being able to go out at night because it's dark. Your eyes don't adjust and so when you go to a movie theater or drive at night, you might as well close your eyes because it's that dark. Flashlights do help, but they don't illuminate much. During the day, it's a different story and I seem normal.Bipolar disorder - well... don't confuse the movies and real life. For me, I experience episodes of deep depression and then episodes of mania. It's hard being so depressed you can't even get out of bed to take a leak or eat food and other times, I'm running on 3 hours of sleep being the best employee at work. I fought to have a normal life. I fought to get my education, battle the social isolation caused by vision loss and mental illness, and did things nobody else thought I would. I travelled the world, heck I even competed in martial arts as long as I had enough vision to be able to win (and I did).But now, I had a brain tumor. And having it removed severely damaged my hearing. I didnt think my life would get this much harder, after all, having it made myife unliveable. I honestly thought i was going to die. Three months later I'm plagued with 24/7 tinnitus, a quieter world where my only refuge are two very expensive devices for each ear, balance issues and feeling confused as to why I must go through this.People have told me I was their hero and inspiration. They told me that to be able to have done what I've done so far in my life, inspired them to do better. They told me I was so empathetic, so kind, so tough, and so confident. I was only like that to keep my mind off the pain I feel each day. Don't get me wrong, I deeply love others, but my illnesses make it harder to show that I love others.I was active and healthy. People told me not only did I inspire them to do things like read, further their education, stand up for themselves, or get in shape the way I did. I was very disciplined - performance of an athlete with good looks to match.I wish the brain tumor killed me. I can't commit suicide because I'll break the hearts of the ones that loved me.Yes, I'm taking medication, and yes I'm going to therapy (my therapist is aware I feel this way). I've called the suicide holiness many times, I've been in a psychiatric hospitalization, I've even done sheooms and weed hoping it'll help But no, right now... I'm just tired of being alive. I'm tired of always having to fight harder than everyone else and find a ridiculously elaborate method of doing simple tasks. Maybe these feelings will pass, but I'm tired.I'm even tired of being a hero to people. To the., I make their problems more bearable because they see someone like me making it in the world, in spite of what they see as much worse.I don't see myself taking my own life anytime soon, but I do see myself not caring if I died. I'm just tired."
tasvwr,https://www.reddit.com/r/depression/comments/tasvwr/im_trying_to_get_better/,,1646895383.0,am i not trying enough? i am in so much hurt right now i can't describe to you what it feels like. its the worst pain ive ever felt and most people won't understand what it is. i want someone to hug me and  tell me its going to be ok
tasuvl,https://www.reddit.com/r/depression/comments/tasuvl/nothing_makes_sense_anymore/,,1646895276.0,"I (26 F) was diagnosed with moderate depression and EUPD 2 years, even though I was struggling with depression since childhood. It was a really hard time but somehow I endured and got off the meds. Now I feel like everything is falling apart. The worst part is I can't decipher my feelings. I have no idea why i'm sad and hopeless. I don't know if these feelings are real. I'm scared that others would think that i'm trying to get some kind of attention. Im scared that my psychiatrist would laugh me off. I'm scared of getting help. I'm unsure of my future. I'll be moving to another country in maybe 6 months to join my husband and his family. I'm scared. I don't think i'll ever have a healthy adult life. How am I going to be a good wife? I hate myself so much.. what hurts the most is that I don't know why im sad and stressed... Even when I'm typing this I really don't know how to put my feelings into words. I don't have anybody to open up.. even though I have a partner, it is really difficult to make him understand what I'm going through. Everything hurts.. My Amma (mother) tells me how I almost died while she was pregnant with me and how I survived... wish I had died back then..living like this is the worst.."
tastbd,https://www.reddit.com/r/depression/comments/tastbd/depression_made_me_hate_my_senior_dog_vent/,,1646895109.0,[deleted]
tassko,https://www.reddit.com/r/depression/comments/tassko/whats_the_point_of_anything/,,1646895026.0,"What‚Äôs the point of anything?I can‚Äôt sleep and I just got completely sad out of nowhere. I just needed to write something. What‚Äôs the point of trying to be part of something, if you never feel accepted, or you‚Äôre constantly being forgotten?What‚Äôs the point of having hope, when people are getting so fucked up due to the war?What‚Äôs the point of living, if we just go to work, eat and sleep? What‚Äôs the point of being happy, if it‚Äôs going to be quickly taken from you? What‚Äôs the point of celebrating something, if nothing ever works?What‚Äôs the point of loving, if you‚Äôll eventually see everyone you love slowly dying and decaying? What‚Äôs the actual point of trying? Of anything?What‚Äôs the point of trying, if all the things we love will slowly rot?There‚Äôs no point in passion, no point in hope. Everything I‚Äôve yearned for is slowly dying."
tass2p,https://www.reddit.com/r/depression/comments/tass2p/im_not_doing_good/,,1646894972.0,Just tonight I drank a 6 pack of reds drank a quarter bottle of vodka took 20mgs of morphine and a xan bar I have a good job and I‚Äôm successful but I can‚Äôt escape my own head and spriraling and the only comforting thought it suicide
tasrfh,https://www.reddit.com/r/depression/comments/tasrfh/i_dont_think_ill_ever_be_happy_i_hate_living/,,1646894897.0,"I‚Äôm 18 at the end of this month, I wasn‚Äôt supposed to make it here. I want to travel, I want to experience the world, I want to have a nice house and kids. I don‚Äôt think I‚Äôll ever have that. I‚Äôm going to be slaving my life away to a community college and a 9-5 job and after that there‚Äôs no direction. I have no idea or desire of what I want to do. I would rather just no be here than think about it anymore. I fantasize about good things and in a real setting once they happen it‚Äôs nothing special. I hate this life."
tasqx2,https://www.reddit.com/r/depression/comments/tasqx2/numb_venting/,,1646894837.0,I think I have been disassociating for a couple months and relapsed in a depressive episode. I have been laying in bed and only get up when I get called to. But Im already out of high school I should be doing something but here I am in bed for 2 years now. I think Im a disappointment to myself and to my family. I lately have been feeling weak I can‚Äôt concentrate and I feel like falling when I‚Äôm standing up or walking and I can‚Äôt hold a conversation without getting frustrated. The outside world scare‚Äôs me I‚Äôve already made a death letter for my family just in case i do something later on
tasqt4,https://www.reddit.com/r/depression/comments/tasqt4/group_projects_are_taking_a_toll_on_my_mental/,,1646894825.0,"I have tons of group projects(at least four) to complete due to upcoming exams and I just can't seem to find any group members. I have social anxiety and have a hard time making friends so most of the other people in my class who have groups won't reply to my texts or don't want me in their group, and I also feel bad asking those I haven't asked since I've prolly already asked to join them in their past group projects multiple times lol and no, my professor doesn't allow us to work alone. I'm literally panicking every single day, the deadline is near and I have no idea what to do. It would also be weird for me to show up without a group since everyone has one already."
tasouu,https://www.reddit.com/r/depression/comments/tasouu/whats_the_point_of_anything/,,1646894609.0,[removed]
taslpf,https://www.reddit.com/r/depression/comments/taslpf/i_feel_like_everythings_slipping_away/,,1646894263.0,"I moved not too long ago. And because I'm terrible at staying in contact with people, I can almost feel everything that I'd built in the seven years I lived in my old town--all my friends, accomplishments, everything--slipping away, like none of it will ever matter.Because I can't afford college, I don't go. I don't go out to places because I'm tired from work. I'm afraid of talking to people face to face because what if I'm boring? What if other people don't want to talk to me? It feels more and more like the truth every day.I just want people to acknowledge my existence. I want people to be happy that I'm around. I want to feel like I matter to someone.I just want to make an impact on this world."
taskwb,https://www.reddit.com/r/depression/comments/taskwb/i_deleted_social_medias/,,1646894200.0,"I just wanted to see if I was the only one, probably not but I ended up deleting all my social medias ( instagram, snapchat, twitter, facebook, ) And honestly it helped me a lot with my major depressive disorder.. We don't really realize it at first but we constantly compare ourselves to the people on the other side of the screen, they're also such toxic places to go to, everyone wants to show what they're up to but they only show the positive side of their lifes and sometimes they might be even faking it.. I gained a lot of peace by doing that even if it wasn't easy at first. It also shows who true friends are if they really care about you ( personnaly since a week I didn't get a text on my phone from no one ) it's kind of sad but at the same time it's better like that I guess. I just wanted to know if anyone wanted to share their experiences with social medias in general and how it went & also why if y'all deleted them or tried. ps. ( Reddit is still a social media / forum ) Don't get me wrong but its not like a lot of us have people we know on here"
tasjxn,https://www.reddit.com/r/depression/comments/tasjxn/am_i_depressed/,,1646894090.0,I've lost all motivation to do anything. I have no energy to do anything I used to think was important. There is no seeable cause for why I started feeling this way. I feel depressed and it's made worse because I don't know why I feel this way. Any tips?
