comment_id,comment_parent_id,comment_body,comment_link_id,created_utc
i03tj2t,t3_tayu7x,"Using it for a few months, off it for a few months, this didn‚Äôt give the lexapro enough time for my body + mind to adjust and benefit. Once I did stay on it for a little over a year consistently, my doctor and I saw what the changes were. I switched meds + higher dose. I think lexapro is the safest drug to handle a habit of inconsistent use? But not the most helpful for my experience.",t3_tayu7x,1646920150.0
i03q2oc,t3_tayg6a,I could describe my family the same way. In my case they love drama and stab each other in the backThey fight way too much and then they are fine all of the sudden. Its weird,t3_tayg6a,1646918405.0
i03r239,t3_taybo3,"Trust me, I didn‚Äôt share with my family and I went through many years of pain and they just thought I was an addict, they never knew about my anxiety or depression until way later on. They said they really wished I would of told them earlier.",t3_taybo3,1646918919.0
i03twsb,t1_i03r239,"Sorry you're in the same boat.I don't know how i can just bring it up, i don't want to make my mum upset ygm. I feel kind of embarrassed almost like i don't want that pity concern but at the same time i want someone to talk to.I've had thoughts of suicide from a very young age, and i've hid this for years. Being at uni now has made me worse as i feel lonely, i just see no point in carrying on. I haven't kept a good sleeping or eating pattern lately because i'm actually starting to give up.I'm not sure what to do, i wish there was an easy way out. I think if i forced myself to go outside and go to my lecture it may help, but i'm so low i can't.Also being in my lectures recently triggered me as it actually made me feel more alone.",t3_taybo3,1646920333.0
i03uolo,t1_i03twsb,"Yeah man forcing yourself to do the stuff really really helps with that constant feeling of doom .. and I amNot there anymore my dude.. I did 4 years of therapy and group therapy and really figured out why I was like this.. being honest and open like you are right now with us is huge.. go with those gut instincts, when u feel it will make you feel better. I believe that‚Äôs the universe giving you a hint my friend.",t3_taybo3,1646920702.0
i03vgsn,t1_i03uolo,"I feel like i've been forcing myself for a while which is why i've broken down now. Even if i have a good day, i will feel empty and cry because i still see no point in living.Did you ever manage to find a light at the end of your road?Also should i tell my mum? How do i even start, i feel like she is depressed herself and has her own issues, i don't really want to upset her by letting her know she's at risk of losing one of her children if you see where i'm coming from :/",t3_taybo3,1646921077.0
i03x7fs,t1_i03vgsn,I know exactly what you mean when you say everything feels forced.. it feels like every single thing takes so much strength when you have depression .. even having a shower or making your bed. Start with all the essentials and get a therapist and then think about telling your mom,t3_taybo3,1646921897.0
i03xf9k,t1_i03x7fs,ok thank you,t3_taybo3,1646921996.0
i03q8tt,t3_tay8yt,Been depressed since age 10 and i feel numb sometimes too. honestly idk what it means or what it does but it's better than being sad in my opinion.,t3_tay8yt,1646918494.0
i03mby0,t3_tax910,Call her and tell her everything if you can. I'm sure she knows already. I'm sorry you and her have to go through this,t3_tax910,1646916327.0
i03nnk4,t3_tax76t,"You know what? I'm 100% the same as you. Each time some two random people talk so lovingly to each other,  it hurts so much that i want to shove a fucking screwdriver in their chest through the ribs and stir it until they die",t3_tax76t,1646917073.0
i03ntu8,t3_tax3se,Since when? Any reasons why it started?,t3_tax3se,1646917173.0
i03h8qz,t3_tawxam,"I get it, I really do",t3_tawxam,1646913099.0
i03he6v,t3_tawxam,You're putting too much weight on that other person to fill a void. Quick track to disillusionment when you hit the inevitable bumps and you see their not-so-ideal traits come out.,t3_tawxam,1646913205.0
i03hm98,t3_tawxam,"Sorry to say but most of us who have been in your situation and eventually found someone, find that while it helps in some aspects, it can make you feel much worse in others, and it's not as grand as you might imagineFor example, after my whole life of being ""forever alone"" I found myself in a relationship with a girl I love who loves me, but my depression and my anxiety is even worse now.Why? Well because the beliefs that I'm not good enough, the insecurities I have, the anxieties I have etc, they will find a way to present themselves and make your life hell whether you are alone or with a partner, and since relationships are complicated stuff, and there's another person involved who you ideally love, it often just adds  a whole another layer of fuckery on top of your existing issuesWhat I'm trying to say is, don't put all your hopes for getting better into a girlfriend/boyfriend, because you might find yourself in a world of pain, no matter how much you love them or they love you. If your life is completely fine and you have no issues other than being single, please disregard all I said, but I'm thinking there's probably more that you aren't mentioningI know you might brush off what I say because ""of course it's not much to you since you already have someone"", but just in case you are open minded, I'd like you to give it a think",t3_tawxam,1646913363.0
i03e8ca,t3_tawfco,"Speak to the doctor about trying out a new antidepressant that won't make you feel as drowsy, or lower your dose.",t3_tawfco,1646910909.0
i03ehzc,t3_tawfco,You take it at night or in the morning?,t3_tawfco,1646911116.0
i03ep13,t3_tawfco,I now take my Zoloft at night because it does make me drowsy as well. I‚Äôm on the same dosage.,t3_tawfco,1646911260.0
i03ev14,t3_tawfco,"Take it at night as soon as you go to bed, if it doesn't perform the same then you'd have to stick to taking it during the day, you adjust to the side effect sooner or later.",t3_tawfco,1646911384.0
i03f108,t3_tawfco,Could you take it at night instead so that the side effect (feeling it at least) is minimized? My own therapist said to try that when she wrote me the prescription saying to do it if the Zoloft made me too tired.,t3_tawfco,1646911508.0
i03eeqq,t1_i03e8ca,"My doctor lowered my dose today, but I want to get rid of this particular side effect. Is there a way to do this?",t3_tawfco,1646911047.0
i03elsb,t1_i03ehzc,Morning at 10.,t3_tawfco,1646911194.0
i03ev9h,t1_i03ep13,How long have you been feeling drowsy?,t3_tawfco,1646911389.0
i03f7h6,t1_i03ev14,That's a good idea actually. I will try to switch it to night.,t3_tawfco,1646911638.0
i03f951,t1_i03f108,I will be taking it at night then. It's a great suggestion!,t3_tawfco,1646911672.0
i03hkls,t1_i03ev9h,It took a couple weeks to get used to it. Taking it at night definitely helped. I don‚Äôt feel tired at all during the day now.,t3_tawfco,1646913331.0
i03fe4p,t1_i03f7h6,Good luck!,t3_tawfco,1646911773.0
i03hy7v,t1_i03hkls,I'll give it a try then. Thanks again! Have a nice day! :),t3_tawfco,1646913592.0
i03fgq0,t1_i03fe4p,Thank you very much! Have a nice day! :),t3_tawfco,1646911824.0
i03i4x7,t1_i03hy7v,Anytime! Best of luck to you. üíú,t3_tawfco,1646913719.0
i03fysb,t1_i03fgq0,"Likewise, also, once your body adjusts more, I'd say try taking them in the daytime again after awhile to test if it still gets you drowsyThe reason I say that is cause I was going to mention, don't rely on medication for your anxiety/depression cause with time you'll really be dependent on them, see if the side effect goes away so you can only take it when you start to feel shitty you know? Just a word of advice cause if I don't take my Xanax I'll be depressed asf and have anxiety attacks throughout the day, that came from a long time of depending on them.",t3_tawfco,1646912188.0
i03ikd7,t1_i03i4x7,Thank you very much! :D,t3_tawfco,1646914003.0
i03iokz,t1_i03fysb,Thank you for the advice friend!,t3_tawfco,1646914081.0
i03dz4q,t3_tawb1q,"I started antidepressants for my depression and anxiety, Zoloft, Seroquel, Lexapro, etc.I tried a lot of them but didn't like how I felt, too drowsy, then they prescribed Xanax (Alprazolam 2mg).I loved it, it made me feel normal but my body now relies on medication in a way.If I don't take it then I'll either be severely depressed or have a severe anxiety attack.Stick to therapy bro.",t3_tawb1q,1646910712.0
i03cug6,t3_taw5jb,"Yeah, depression and anxiety can interfere a lot within a relationship.I can relate on the irritable & toxic in a way.",t3_taw5jb,1646909818.0
i03gah0,t3_taw5jb,Yeah this happens to me too. 50% of the time I‚Äôm in the perfect relationship with the best guy and the problems just roll off my back. Then 50% of the time I‚Äôm having a mental breakdown and thinking I‚Äôm in a terrible relationship with the wrong person and I need to GTFO. It‚Äôs really terrible. I don‚Äôt know what to do about it. I started therapy a while ago because the depression and anxiety is making it impossible to decide if I really want to marry my partner or not. My shitty mood swings are becoming the single most stressful thing in me and my partners life and I hate it so much,t3_taw5jb,1646912425.0
i03hwbw,t3_taw5jb,"I either try to hold on to them too tightly or shut them out completely. But my partner is trying his best to understand my situation, so when I will be in in a little better place we will discuss about my behaviours leading to a more healthy relation",t3_taw5jb,1646913556.0
i03k1fy,t1_i03hwbw,So are you saying you do the things that I mentioned in my question?,t3_taw5jb,1646914953.0
i03bp9k,t3_tavyb0,"Get to it, you're getting nowhere on YouTube.I feel you though, I do the same.",t3_tavyb0,1646908882.0
i03bf1l,t3_tavw7h,"Yes, especially certain ones, which did they prescribe you & how many mg?",t3_tavw7h,1646908650.0
i03c3n8,t3_tavw7h,"Hi, I was given sertraline and I felt a euphoric rush after 5 hours... People were insisting it was placebo effect but it definitely wasn't. 3 weeks in and although I'm not off my face high any more, I am feeling sooo much better than I was before starting the meds üòÅMy social anxiety is gone, confidence is massive and mood has lifted considerably!!",t3_tavw7h,1646909207.0
i03fl3l,t3_tavw7h,"It's possible, depending on your biology. But even if it's the placebo effect, that's still a huge benefit. Do you realise you're taking charge of your illness? You're doing something! You're in the driver's seat now, baby! Just keep going!",t3_tavw7h,1646911914.0
i039ue6,t3_tav3w1,"Unfortunately it‚Äôs life.  What is the rest of your social network like?I lost my father a month ago.  It‚Äôs still rough and I‚Äôm overwhelmed often especially with the estate work.  I have 5 aunts and an uncle left and they‚Äôve all been accommodating inviting me over talking and so forth.My mother has been fighting cancer for 10+ years.  So much of when I feel good now is from time spent with others, not the times crying about my dad, my lacking love life. Etc.",t3_tav3w1,1646907360.0
i032mi8,t3_tau6by,"I'm here if you need to talk, I'm not too good with advice but I can try my best, I've been in the same position all my life bro.I cut off all people irl cause at the end of the day, friends really don't exist, there's only a few real ones which are hard to find.Most of my friends I met online through games or reddit, I've built some pretty badass friendships.",t3_tau6by,1646901274.0
i032tyf,t1_i032mi8,Yeah about a week after the fight my so called best friend hangs out with the person,t3_tau6by,1646901447.0
i0320dw,t3_tau40t,I believe in you and I believe you will make it through,t3_tau40t,1646900762.0
i0321hg,t3_tau40t,You deserve to to be happy,t3_tau40t,1646900786.0
i031dci,t3_taty8v,"No, we won't.",t3_taty8v,1646900240.0
i030dk6,t3_tatj0a,"I‚Äôm so sorry you‚Äôre feeling like that. I started to get the birthday dread probably starting around 26 and I thought it would only get worse but I was pleasantly proven incorrect. There are lots of successful people who start being successful after they turned 30. Julia Child, Alan Rickman, Harrison Ford, Stan Lee, my mom, countless other everyday people just trying to make it. I‚Äôm not successful yet, I dropped out of a PhD program at 24 when my life was falling apart, I got divorced and was homeless for a little bit and I felt like ending it all more times than I can count. Still can‚Äôt get a job in my field of expertise so my schooling feels like a huge waste. I got crappy little jobs, started small, moved to a different state just before I turned 30. I spent a few years soul searching and really trying to figure out what I wanted for the rest of my life and this fall come hell or high water I am going to go back to school and work like a beast until I get where I want to be. It‚Äôs not easy but worthwhile things rarely are. I‚Äôll be 33 in a couple months and I finally feel like getting older is a gift and not a curse. A birthday is a reminder that you made it to another year. 30 is young. Hell, to me 55 is young. You‚Äôre strong enough to get to 30, just hang on, don‚Äôt give up. We‚Äôre still young and there is so much the world has in store for us if we just keep trying. If I gave up at 30 I‚Äôd have robbed myself of so much joy. I‚Äôm not saying I don‚Äôt get depressed, I battle my depression like it‚Äôs a demon only I can see. But there is still so much beauty and goodness on this earth and it‚Äôs worth fighting for. Please don‚Äôt give up yet.",t3_tatj0a,1646899434.0
i0316f4,t3_tatj0a,"Life's not fair, man. But you gotta get on with it. In one way or another you will have to find time for yourselves. You gotta stop worrying about others, what they do ,what they think. Create an alter ego. Help others, help yourself. You are not old, you got a lot to live. Just make sure in the end of the day you can look at the mirror. And say I was kind today. To me and to others. Again, life isn't fair, god isn't kind. But you are.",t3_tatj0a,1646900083.0
i03foj8,t3_tatj0a,"I get it. I'm turning 30 in a couple of months and I tell people I'm having a midlife crisis. Work is not enjoyable, will probably get fired from calling in so much. But I need the money. A horrible circle. Some days I just want to sit and stare at a wall. What do I have to show for for being 30? Nothing. I'm alive, wow. I wish I did more, or something different. Life isn't over, but some days it sure feels that way.",t3_tatj0a,1646911983.0
i02y0im,t3_tasyjg,You are worth more than your grades and work. Prioritizing your mental health is more important than anything else. Be gentle to yourself.,t3_tasyjg,1646897615.0
i03j4zq,t3_tasxy1,"Your feelings are valid, it‚Äôs rough, if you have the access and resources to, please see a doctor. They‚Äôll either recommend medication or therapy or usually both. I suggest writing on paper what you‚Äôre experiencing (your feelings) and how it‚Äôs affecting your relationships with other people. Writing it down on paper can make you more focused on the appointment and not be so overwhelmed with your situation. I don‚Äôt know the ins and outs of everything you can reveal to a doctor so please do your own research beforehand. Best of luck.",t3_tasxy1,1646914385.0
i02ukm1,t3_tasrfh,Hey man I‚Äôm in the same boat life‚Äôs hard find somebody that‚Äôs worth living for especially yourself,t3_tasrfh,1646895074.0
i02uhsu,t3_tasqt4,Say it to your teacher,t3_tasqt4,1646895019.0
i03a5kc,t3_taskwb,I deleted mine as well because I wanted to disconnect from everyone and their bullshit I still have one but only for what I‚Äôm doing for college classes to find information I may need nothing else  I‚Äôm only in a few groups and subscribe to a few things that make me laugh I don‚Äôt even have a picture of me on it just my mom two daughters as a funny cover photo of my dog that‚Äôs is all it is definitely a distraction and upsetting lots of times and deleting social is a hell of a good way to see who your friends really are the ones who are your friends have your number and or know where to find you hell after what‚Äôs been going down lately makes me want to delete Reddit after seeing that little girl under the rubble of the children‚Äôs hospital I can‚Äôt get that out of my head i was totally fine seeing everything else till that that gives me a reason to not give up knowing I can still see my kids once I‚Äôm able to fight for them I can‚Äôt believe how many people feel the same way I do in this group not even read 24 hours back and I feel exactly the fuckin same if not for my daughters I‚Äôd probably not be texting this,t3_taskwb,1646907613.0
i03bn3z,t3_taskwb,"This tactic helps so much with depression. Good move. To those who haven‚Äôt tried this yet, give it a shot. You can deactivate your accounts so they still exists if you‚Äôre not ready for deletion to be permanent yet. You can log back in at any time. (The exception is twitter, you have a week to log back in before it‚Äôs permanently deleted iirc)",t3_taskwb,1646908833.0
i03fuzs,t3_taskwb,I did and I feel lonelier than ever.Friendship does not exist until you are socially usefull.,t3_taskwb,1646912112.0
i03l1yj,t3_taskwb,Social media is the most toxic thing to exist. Good riddance of it.,t3_taskwb,1646915579.0
i03i0pp,t1_i03a5kc,Ever heard of punctuation?,t3_taskwb,1646913640.0
i03g7rq,t1_i03fuzs,would you say its a good or a bad thing? At least you know that people on here are superficial & aren't willing to do much for you when you're in help right?,t3_taskwb,1646912371.0
i03ikzb,t1_i03i0pp,Didn‚Äôt know this was a English class and it definitely ain‚Äôt getting graded so imma run this mothafucka on as much as I feel like ü§£ do whatever makes you feel better and sometimes breaking the rules makes me feel great you should try it,t3_taskwb,1646914015.0
i03gl8p,t1_i03g7rq,"Oh,good or bad? Trying to explain everything in this bipolar way Is kinda limiting. At least i know that im alone and the only person who can bare everything Is myself",t3_taskwb,1646912640.0
i02u7t1,t3_tasjxn,You‚Äôre depressed or burnt out,t3_tasjxn,1646894826.0
i02yoc1,t3_tasjxn,You don‚Äôt have to find a reason to why this is happening. I didn‚Äôt have a reason either. I know talking to people about is hard but it helps. Hope things get easier tho:),t3_tasjxn,1646898117.0
